city,year,month,month_name,average_temperature,average_high_temperature,average_low_temperature,average_temperature_range,total_precipitation,rainy_days,heavy_rain_days,hot_days,comfortable_days,average_max_wind_speed,average_tourism_score,number_of_days,rainy_day_percentage,hot_day_percentage,comfortable_day_percentage
Cabo San Lucas,2023,1,January,20.529032258064515,25.13225806451613,15.73225806451613,9.399999999999999,0.7,0,0,0,31,18.796774193548387,2.967741935483871,31,0.0,0.0,100.0
Cabo San Lucas,2023,2,February,20.25357142857143,24.97142857142857,15.360714285714286,9.610714285714286,0.4,0,0,0,26,19.87142857142857,2.857142857142857,28,0.0,0.0,92.85714285714286
Cabo San Lucas,2023,3,March,22.506451612903227,27.370967741935484,17.467741935483872,9.903225806451612,0.0,0,0,0,25,21.293548387096774,2.806451612903226,31,0.0,0.0,80.64516129032258
Cabo San Lucas,2023,4,April,23.776666666666664,28.53666666666667,18.726666666666667,9.81,0.2,0,0,3,21,24.946666666666665,2.566666666666667,30,0.0,10.0,70.0
Cabo San Lucas,2023,5,May,24.67096774193548,29.258064516129032,20.17096774193548,9.087096774193547,0.0,0,0,7,19,26.596774193548388,2.3548387096774195,31,0.0,22.58064516129032,61.29032258064516
Cabo San Lucas,2023,6,June,27.3,31.39333333333333,23.19333333333333,8.2,0.0,0,0,12,10,23.626666666666665,2.2333333333333334,30,0.0,40.0,33.33333333333333
Cabo San Lucas,2023,7,July,29.719354838709677,33.309677419354834,26.45483870967742,6.854838709677419,54.5,6,1,21,2,23.10967741935484,1.967741935483871,31,19.35483870967742,67.74193548387096,6.451612903225806
Cabo San Lucas,2023,8,August,29.496774193548386,32.770967741935486,26.629032258064516,6.141935483870969,159.6,11,1,20,5,21.725806451612904,1.903225806451613,31,35.483870967741936,64.51612903225806,16.129032258064516
Cabo San Lucas,2023,9,September,29.990000000000002,33.806666666666665,26.63,7.176666666666666,17.0,5,0,26,1,20.793333333333333,2.0,30,16.666666666666664,86.66666666666667,3.3333333333333335
Cabo San Lucas,2023,10,October,26.467741935483872,30.306451612903224,23.29032258064516,7.016129032258065,171.9,9,2,10,13,23.106451612903225,2.096774193548387,31,29.03225806451613,32.25806451612903,41.935483870967744
Cabo San Lucas,2023,11,November,25.103333333333335,29.75,21.096666666666668,8.653333333333332,4.8999999999999995,1,0,3,18,15.456666666666667,2.6,30,3.3333333333333335,10.0,60.0
Cabo San Lucas,2023,12,December,22.916129032258063,27.835483870967742,18.103225806451615,9.73225806451613,2.4,1,0,1,26,14.483870967741936,2.838709677419355,31,3.225806451612903,3.225806451612903,83.87096774193549
Cabo San Lucas,2024,1,January,20.68064516129032,25.693548387096776,15.616129032258065,10.077419354838709,0.0,0,0,0,28,18.72258064516129,2.870967741935484,31,0.0,0.0,90.32258064516128
Cabo San Lucas,2024,2,February,20.920689655172417,25.841379310344827,16.182758620689654,9.658620689655173,1.9000000000000001,1,0,0,28,19.089655172413792,2.9655172413793105,29,3.4482758620689653,0.0,96.55172413793103
Cabo San Lucas,2024,3,March,21.33225806451613,26.503225806451614,16.561290322580643,9.941935483870967,0.4,0,0,0,30,21.387096774193548,2.870967741935484,31,0.0,0.0,96.7741935483871
Cabo San Lucas,2024,4,April,23.34,28.686666666666667,18.206666666666667,10.479999999999999,0.0,0,0,3,19,22.55666666666667,2.566666666666667,30,0.0,10.0,63.33333333333333
Cabo San Lucas,2024,5,May,27.016129032258064,31.92258064516129,21.980645161290322,9.941935483870967,0.0,0,0,18,10,21.08709677419355,2.2903225806451615,31,0.0,58.06451612903226,32.25806451612903
Cabo San Lucas,2024,6,June,26.613333333333333,30.913333333333334,22.426666666666666,8.486666666666668,8.100000000000001,2,0,10,9,25.076666666666664,2.0,30,6.666666666666667,33.33333333333333,30.0
Cabo San Lucas,2024,7,July,29.75483870967742,33.8258064516129,26.12258064516129,7.703225806451614,2.5,1,0,29,0,23.741935483870968,1.935483870967742,31,3.225806451612903,93.54838709677419,0.0
Cabo San Lucas,2024,8,August,30.22258064516129,33.932258064516134,27.02258064516129,6.909677419354838,3.9,1,0,28,0,20.46451612903226,1.967741935483871,31,3.225806451612903,90.32258064516128,0.0
Cabo San Lucas,2024,9,September,28.566666666666666,32.61,25.05666666666667,7.553333333333333,44.4,2,2,18,9,22.046666666666667,2.1333333333333333,30,6.666666666666667,60.0,30.0
Cabo San Lucas,2024,10,October,28.52258064516129,33.05483870967742,24.516129032258064,8.538709677419355,0.7,0,0,25,1,18.74516129032258,2.032258064516129,31,0.0,80.64516129032258,3.225806451612903
Cabo San Lucas,2024,11,November,23.203333333333333,28.313333333333333,18.743333333333332,9.569999999999999,0.0,0,0,0,26,16.766666666666666,2.8,30,0.0,0.0,86.66666666666667
Cabo San Lucas,2024,12,December,21.958064516129035,27.403225806451612,17.490322580645163,9.912903225806453,2.0,1,0,0,30,12.674193548387096,2.967741935483871,31,3.225806451612903,0.0,96.7741935483871
Cabo San Lucas,2025,1,January,19.44193548387097,24.72258064516129,14.887096774193548,9.835483870967742,0.1,0,0,0,29,15.103225806451613,2.935483870967742,31,0.0,0.0,93.54838709677419
Cabo San Lucas,2025,2,February,21.325,27.325,16.178571428571427,11.146428571428572,0.0,0,0,0,27,13.653571428571428,2.9642857142857144,28,0.0,0.0,96.42857142857143
Cabo San Lucas,2025,3,March,22.09032258064516,27.870967741935484,16.948387096774194,10.922580645161291,0.0,0,0,0,26,16.36774193548387,2.838709677419355,31,0.0,0.0,83.87096774193549
Cabo San Lucas,2025,4,April,23.936666666666667,29.453333333333333,18.836666666666666,10.616666666666667,0.0,0,0,6,19,18.653333333333332,2.6,30,0.0,20.0,63.33333333333333
Cabo San Lucas,2025,5,May,26.135483870967743,31.529032258064515,20.993548387096773,10.535483870967742,3.3,1,0,15,8,20.154838709677417,2.193548387096774,31,3.225806451612903,48.38709677419355,25.806451612903224
Cabo San Lucas,2025,6,June,26.95,31.41,23.176666666666666,8.233333333333333,2.0999999999999996,1,0,10,7,20.573333333333334,2.2333333333333334,30,3.3333333333333335,33.33333333333333,23.333333333333332
Cabo San Lucas,2025,7,July,29.12258064516129,33.24193548387097,25.45483870967742,7.787096774193548,8.4,3,0,24,1,17.825806451612905,2.032258064516129,31,9.67741935483871,77.41935483870968,3.225806451612903
Cabo San Lucas,2025,8,August,29.16774193548387,32.983870967741936,25.967741935483872,7.016129032258066,50.1,11,0,22,5,17.951612903225808,2.032258064516129,31,35.483870967741936,70.96774193548387,16.129032258064516
Cabo San Lucas,2025,9,September,28.14,31.373333333333335,25.486666666666668,5.886666666666667,142.6,14,2,11,3,17.083333333333332,1.8666666666666667,30,46.666666666666664,36.666666666666664,10.0
Cabo San Lucas,2025,10,October,26.677419354838708,30.893548387096775,23.387096774193548,7.506451612903225,56.300000000000004,6,1,9,11,17.84193548387097,2.225806451612903,31,19.35483870967742,29.03225806451613,35.483870967741936
Cabo San Lucas,2025,11,November,25.623333333333335,30.926666666666666,21.25,9.676666666666668,6.4,1,0,11,10,14.873333333333333,2.3,30,3.3333333333333335,36.666666666666664,33.33333333333333
Cabo San Lucas,2025,12,December,23.30322580645161,28.19677419354839,19.596774193548388,8.600000000000001,48.4,3,1,1,26,12.312903225806451,2.774193548387097,31,9.67741935483871,3.225806451612903,83.87096774193549
Cancun,2023,1,January,24.606451612903225,27.003225806451614,22.738709677419354,4.264516129032258,65.0,16,1,0,31,20.009677419354837,2.935483870967742,31,51.61290322580645,0.0,100.0
Cancun,2023,2,February,24.817857142857143,27.5,22.75,4.75,61.800000000000004,12,0,0,28,19.317857142857143,2.857142857142857,28,42.857142857142854,0.0,100.0
Cancun,2023,3,March,25.67096774193548,28.43548387096774,23.506451612903227,4.929032258064516,55.1,11,1,0,30,22.051612903225806,2.838709677419355,31,35.483870967741936,0.0,96.7741935483871
Cancun,2023,4,April,26.34,29.673333333333332,23.596666666666668,6.076666666666666,35.2,7,0,1,20,19.546666666666667,2.6,30,23.333333333333332,3.3333333333333335,66.66666666666666
Cancun,2023,5,May,27.325806451612905,30.919354838709676,24.135483870967743,6.783870967741936,99.5,14,1,1,3,16.470967741935485,1.903225806451613,31,45.16129032258064,3.225806451612903,9.67741935483871
Cancun,2023,6,June,28.12,31.66,25.426666666666666,6.233333333333333,77.2,18,0,10,0,18.016666666666666,1.8,30,60.0,33.33333333333333,0.0
Cancun,2023,7,July,29.006451612903227,32.39354838709678,26.261290322580646,6.1322580645161295,112.3,18,0,22,0,16.22258064516129,1.7419354838709677,31,58.06451612903226,70.96774193548387,0.0
Cancun,2023,8,August,28.57741935483871,32.04838709677419,25.758064516129032,6.290322580645162,221.4,21,2,22,5,14.85483870967742,1.7741935483870968,31,67.74193548387096,70.96774193548387,16.129032258064516
Cancun,2023,9,September,27.84333333333333,31.57,24.87,6.7,86.8,17,0,8,3,12.22,1.8666666666666667,30,56.666666666666664,26.666666666666668,10.0
Cancun,2023,10,October,27.396774193548385,30.68064516129032,24.75483870967742,5.925806451612903,44.6,12,0,9,11,16.419354838709676,2.3225806451612905,31,38.70967741935484,29.03225806451613,35.483870967741936
Cancun,2023,11,November,25.68,28.723333333333336,23.16,5.5633333333333335,128.7,14,1,0,28,16.486666666666668,2.7,30,46.666666666666664,0.0,93.33333333333333
Cancun,2023,12,December,24.225806451612904,27.032258064516128,21.938709677419357,5.093548387096774,92.3,11,0,0,30,17.958064516129035,2.806451612903226,31,35.483870967741936,0.0,96.7741935483871
Cancun,2024,1,January,24.548387096774192,27.541935483870965,22.129032258064516,5.412903225806452,70.3,16,0,0,31,18.96451612903226,2.806451612903226,31,51.61290322580645,0.0,100.0
Cancun,2024,2,February,23.29655172413793,26.917241379310347,20.079310344827583,6.837931034482759,17.3,5,0,0,28,19.63103448275862,2.8620689655172415,29,17.24137931034483,0.0,96.55172413793103
Cancun,2024,3,March,26.39032258064516,29.63225806451613,24.01290322580645,5.619354838709677,32.4,11,0,0,25,21.17096774193548,2.7419354838709675,31,35.483870967741936,0.0,80.64516129032258
Cancun,2024,4,April,26.80666666666667,30.146666666666665,24.16,5.986666666666667,40.199999999999996,7,0,2,11,20.733333333333334,2.2,30,23.333333333333332,6.666666666666667,36.666666666666664
Cancun,2024,5,May,29.12258064516129,32.50322580645162,26.567741935483873,5.935483870967741,6.0,2,0,25,0,21.751612903225805,1.935483870967742,31,6.451612903225806,80.64516129032258,0.0
Cancun,2024,6,June,27.66,30.563333333333333,25.14,5.423333333333333,480.7,21,10,11,13,19.58,1.9333333333333333,30,70.0,36.666666666666664,43.333333333333336
Cancun,2024,7,July,28.258064516129032,31.08709677419355,25.725806451612904,5.361290322580645,200.70000000000002,22,1,2,1,16.983870967741936,1.7741935483870968,31,70.96774193548387,6.451612903225806,3.225806451612903
Cancun,2024,8,August,28.216129032258067,32.035483870967745,25.112903225806452,6.9225806451612915,150.0,27,0,20,1,13.261290322580646,1.6774193548387097,31,87.09677419354838,64.51612903225806,3.225806451612903
Cancun,2024,9,September,27.826666666666664,31.32,25.253333333333334,6.066666666666666,381.09999999999997,25,4,12,5,15.963333333333333,1.6333333333333333,30,83.33333333333334,40.0,16.666666666666664
Cancun,2024,10,October,26.570967741935487,29.306451612903224,24.32903225806452,4.977419354838709,248.8,26,4,1,24,17.94516129032258,2.3548387096774195,31,83.87096774193549,3.225806451612903,77.41935483870968
Cancun,2024,11,November,25.733333333333334,28.903333333333332,23.103333333333335,5.8,122.0,18,1,0,26,16.12,2.566666666666667,30,60.0,0.0,86.66666666666667
Cancun,2024,12,December,24.251612903225805,27.135483870967743,22.103225806451615,5.032258064516129,101.4,14,1,0,31,17.17096774193548,2.806451612903226,31,45.16129032258064,0.0,100.0
Cancun,2025,1,January,23.81935483870968,26.75483870967742,21.74516129032258,5.009677419354839,93.19999999999999,13,1,0,30,18.503225806451614,2.806451612903226,31,41.935483870967744,0.0,96.7741935483871
Cancun,2025,2,February,25.032142857142855,28.042857142857144,22.946428571428573,5.096428571428571,44.9,9,0,0,28,17.232142857142858,2.9285714285714284,28,32.142857142857146,0.0,100.0
Cancun,2025,3,March,25.725806451612904,29.164516129032258,23.096774193548388,6.0677419354838715,24.4,8,0,0,23,20.029032258064515,2.6774193548387095,31,25.806451612903224,0.0,74.19354838709677
Cancun,2025,4,April,25.92,29.176666666666666,23.256666666666668,5.920000000000001,29.4,5,0,0,25,20.436666666666667,2.7333333333333334,30,16.666666666666664,0.0,83.33333333333334
Cancun,2025,5,May,27.948387096774194,31.212903225806453,25.483870967741936,5.729032258064516,49.0,8,0,3,2,18.43548387096774,1.967741935483871,31,25.806451612903224,9.67741935483871,6.451612903225806
Cancun,2025,6,June,27.87,30.87,25.55,5.320000000000001,180.7,23,3,2,2,18.756666666666668,1.7333333333333334,30,76.66666666666667,6.666666666666667,6.666666666666667
Cancun,2025,7,July,28.08709677419355,31.53870967741935,25.322580645161292,6.216129032258064,130.6,20,0,9,1,14.138709677419355,1.7741935483870968,31,64.51612903225806,29.03225806451613,3.225806451612903
Cancun,2025,8,August,28.345161290322583,32.167741935483875,25.35483870967742,6.812903225806452,93.1,26,0,23,0,13.658064516129032,1.8709677419354838,31,83.87096774193549,74.19354838709677,0.0
Cancun,2025,9,September,27.566666666666666,31.88,24.583333333333332,7.296666666666667,164.0,26,0,15,2,11.520000000000001,1.7,30,86.66666666666667,50.0,6.666666666666667
Cancun,2025,10,October,26.309677419354838,30.238709677419354,23.529032258064515,6.709677419354839,203.20000000000002,21,3,1,11,13.587096774193547,1.967741935483871,31,67.74193548387096,3.225806451612903,35.483870967741936
Cancun,2025,11,November,24.836666666666666,28.196666666666665,22.116666666666667,6.079999999999999,116.4,20,1,0,28,14.443333333333333,2.8,30,66.66666666666666,0.0,93.33333333333333
Cancun,2025,12,December,24.687096774193545,27.848387096774193,22.348387096774193,5.5,60.8,11,1,0,31,14.241935483870968,2.903225806451613,31,35.483870967741936,0.0,100.0
Mexico City,2023,1,January,14.390322580645162,23.070967741935487,6.729032258064516,16.34193548387097,0.6,0,0,0,21,18.07741935483871,2.6774193548387095,31,0.0,0.0,67.74193548387096
Mexico City,2023,2,February,16.103571428571428,25.342857142857145,7.946428571428571,17.396428571428572,0.8,0,0,0,27,20.946428571428573,2.9642857142857144,28,0.0,0.0,96.42857142857143
Mexico City,2023,3,March,18.148387096774194,26.76451612903226,10.193548387096774,16.570967741935487,23.0,4,0,0,29,22.496774193548386,2.806451612903226,31,12.903225806451612,0.0,93.54838709677419
Mexico City,2023,4,April,19.21333333333333,27.42,11.663333333333332,15.756666666666666,20.4,5,0,0,25,23.316666666666666,2.7,30,16.666666666666664,0.0,83.33333333333334
Mexico City,2023,5,May,18.66774193548387,26.34193548387097,11.861290322580645,14.480645161290322,73.0,15,0,0,31,20.80322580645161,2.7096774193548385,31,48.38709677419355,0.0,100.0
Mexico City,2023,6,June,21.726666666666667,30.103333333333335,14.07,16.033333333333335,36.8,12,0,10,13,23.59,2.3,30,40.0,33.33333333333333,43.333333333333336
Mexico City,2023,7,July,17.822580645161292,24.40967741935484,13.05483870967742,11.35483870967742,250.6,25,2,0,29,16.261290322580646,2.3548387096774195,31,80.64516129032258,0.0,93.54838709677419
Mexico City,2023,8,August,17.23548387096774,23.5258064516129,12.67741935483871,10.848387096774195,213.7,26,2,0,26,15.483870967741936,2.3870967741935485,31,83.87096774193549,0.0,83.87096774193549
Mexico City,2023,9,September,17.78666666666667,25.32,11.94,13.379999999999999,109.9,12,0,0,30,19.14,2.6666666666666665,30,40.0,0.0,100.0
Mexico City,2023,10,October,17.193548387096776,24.5258064516129,11.829032258064515,12.696774193548388,62.9,10,0,0,28,20.08709677419355,2.774193548387097,31,32.25806451612903,0.0,90.32258064516128
Mexico City,2023,11,November,16.173333333333332,24.65666666666667,9.353333333333333,15.303333333333333,21.599999999999998,5,0,0,25,19.616666666666667,2.8,30,16.666666666666664,0.0,83.33333333333334
Mexico City,2023,12,December,12.841935483870968,20.08709677419355,7.15483870967742,12.932258064516128,20.4,5,0,0,5,16.158064516129034,2.129032258064516,31,16.129032258064516,0.0,16.129032258064516
Mexico City,2024,1,January,14.951612903225806,23.787096774193547,7.561290322580645,16.225806451612904,0.2,0,0,0,26,18.687096774193545,2.838709677419355,31,0.0,0.0,83.87096774193549
Mexico City,2024,2,February,16.362068965517242,25.841379310344827,7.6482758620689655,18.193103448275863,10.9,1,0,0,26,18.879310344827587,2.8620689655172415,29,3.4482758620689653,0.0,89.65517241379311
Mexico City,2024,3,March,19.483870967741936,29.490322580645163,10.338709677419354,19.151612903225807,0.0,0,0,1,24,25.52258064516129,2.6451612903225805,31,0.0,3.225806451612903,77.41935483870968
Mexico City,2024,4,April,20.53666666666667,29.346666666666668,12.463333333333333,16.883333333333333,9.5,3,0,1,20,23.816666666666666,2.6,30,10.0,3.3333333333333335,66.66666666666666
Mexico City,2024,5,May,23.074193548387097,31.932258064516127,15.125806451612902,16.806451612903224,38.8,6,1,18,2,21.716129032258067,1.935483870967742,31,19.35483870967742,58.06451612903226,6.451612903225806
Mexico City,2024,6,June,20.436666666666667,27.746666666666666,14.379999999999999,13.366666666666667,182.5,14,2,2,11,21.203333333333333,1.9333333333333333,30,46.666666666666664,6.666666666666667,36.666666666666664
Mexico City,2024,7,July,17.116129032258065,22.416129032258063,13.106451612903227,9.30967741935484,315.6,29,2,0,18,13.796774193548387,1.8387096774193548,31,93.54838709677419,0.0,58.06451612903226
Mexico City,2024,8,August,17.006451612903227,22.93548387096774,12.919354838709678,10.016129032258064,292.4,29,3,0,27,14.861290322580645,2.161290322580645,31,93.54838709677419,0.0,87.09677419354838
Mexico City,2024,9,September,16.98,22.279999999999998,13.17,9.110000000000001,285.9,29,4,0,20,13.47,1.9666666666666666,30,96.66666666666667,0.0,66.66666666666666
Mexico City,2024,10,October,14.96774193548387,21.038709677419355,10.383870967741935,10.654838709677419,102.7,9,1,0,8,17.67096774193548,2.064516129032258,31,29.03225806451613,0.0,25.806451612903224
Mexico City,2024,11,November,16.793333333333333,24.663333333333334,9.403333333333334,15.26,7.2,1,0,0,28,13.379999999999999,2.933333333333333,30,3.3333333333333335,0.0,93.33333333333333
Mexico City,2024,12,December,15.319354838709677,22.467741935483872,8.780645161290321,13.687096774193549,8.299999999999999,2,0,0,21,12.064516129032258,2.6451612903225805,31,6.451612903225806,0.0,67.74193548387096
Mexico City,2025,1,January,15.519354838709678,22.712903225806453,9.245161290322581,13.46774193548387,10.0,2,0,0,20,12.587096774193547,2.6129032258064515,31,6.451612903225806,0.0,64.51612903225806
Mexico City,2025,2,February,16.978571428571428,23.785714285714285,10.764285714285714,13.021428571428572,15.9,4,0,0,21,12.549999999999999,2.7142857142857144,28,14.285714285714285,0.0,75.0
Mexico City,2025,3,March,19.925806451612903,27.70967741935484,12.774193548387096,14.935483870967742,7.5,3,0,0,31,14.338709677419354,3.0,31,9.67741935483871,0.0,100.0
Mexico City,2025,4,April,20.663333333333334,28.52,13.456666666666667,15.063333333333333,2.0,0,0,0,28,16.163333333333334,2.933333333333333,30,0.0,0.0,93.33333333333333
Mexico City,2025,5,May,20.73225806451613,27.31935483870968,15.283870967741937,12.035483870967743,136.1,16,3,2,20,13.764516129032257,2.4516129032258065,31,51.61290322580645,6.451612903225806,64.51612903225806
Mexico City,2025,6,June,17.34,22.553333333333335,13.563333333333333,8.99,331.9,24,5,0,16,8.996666666666666,1.8333333333333333,30,80.0,0.0,53.333333333333336
Mexico City,2025,7,July,16.896774193548385,22.806451612903224,12.600000000000001,10.206451612903226,220.1,23,2,0,23,11.580645161290322,2.161290322580645,31,74.19354838709677,0.0,74.19354838709677
Mexico City,2025,8,August,17.016129032258064,22.951612903225808,12.693548387096774,10.258064516129032,240.39999999999998,29,2,0,26,10.703225806451613,2.2580645161290325,31,93.54838709677419,0.0,83.87096774193549
Mexico City,2025,9,September,16.866666666666667,22.926666666666666,12.966666666666667,9.96,285.8,30,1,0,27,10.343333333333334,2.3,30,100.0,0.0,90.0
Mexico City,2025,10,October,16.92258064516129,23.30322580645161,11.932258064516128,11.370967741935484,128.1,11,2,0,23,12.187096774193549,2.5161290322580645,31,35.483870967741936,0.0,74.19354838709677
Mexico City,2025,11,November,16.403333333333332,23.296666666666667,10.07,13.226666666666667,10.3,2,0,0,23,12.783333333333333,2.7333333333333334,30,6.666666666666667,0.0,76.66666666666667
Mexico City,2025,12,December,14.95483870967742,21.14516129032258,9.516129032258064,11.629032258064516,12.299999999999999,5,0,0,9,11.35483870967742,2.2903225806451615,31,16.129032258064516,0.0,29.03225806451613
Oaxaca,2023,1,January,17.893548387096775,26.548387096774192,10.235483870967743,16.31290322580645,0.3,0,0,0,30,14.825806451612904,2.967741935483871,31,0.0,0.0,96.7741935483871
Oaxaca,2023,2,February,18.625,27.582142857142856,10.739285714285714,16.84285714285714,0.1,0,0,0,24,15.9,2.857142857142857,28,0.0,0.0,85.71428571428571
Oaxaca,2023,3,March,20.980645161290322,30.01290322580645,13.03225806451613,16.980645161290322,1.6,1,0,3,18,21.35483870967742,2.5483870967741935,31,3.225806451612903,9.67741935483871,58.06451612903226
Oaxaca,2023,4,April,22.233333333333334,31.163333333333334,15.203333333333335,15.96,21.900000000000002,7,0,11,7,19.146666666666665,2.2,30,23.333333333333332,36.666666666666664,23.333333333333332
Oaxaca,2023,5,May,22.203225806451613,30.82903225806452,15.435483870967742,15.393548387096773,53.400000000000006,7,1,10,11,17.932258064516127,2.225806451612903,31,22.58064516129032,32.25806451612903,35.483870967741936
Oaxaca,2023,6,June,22.483333333333334,30.53666666666667,15.546666666666665,14.99,49.1,10,0,14,11,16.77,2.2666666666666666,30,33.33333333333333,46.666666666666664,36.666666666666664
Oaxaca,2023,7,July,19.69677419354839,26.129032258064516,14.625806451612904,11.503225806451612,185.6,20,2,0,31,11.658064516129032,2.6451612903225805,31,64.51612903225806,0.0,100.0
Oaxaca,2023,8,August,19.806451612903224,26.480645161290322,14.648387096774194,11.832258064516129,146.4,18,1,0,31,11.241935483870968,2.6774193548387095,31,58.06451612903226,0.0,100.0
Oaxaca,2023,9,September,19.759999999999998,26.58,13.976666666666667,12.603333333333333,59.0,10,1,0,29,10.873333333333333,2.8666666666666667,30,33.33333333333333,0.0,96.66666666666667
Oaxaca,2023,10,October,20.074193548387097,27.33225806451613,14.674193548387096,12.658064516129032,75.8,12,0,0,31,12.899999999999999,2.774193548387097,31,38.70967741935484,0.0,100.0
Oaxaca,2023,11,November,19.959999999999997,27.646666666666665,13.883333333333333,13.763333333333332,14.100000000000001,5,0,0,28,13.876666666666667,2.933333333333333,30,16.666666666666664,0.0,93.33333333333333
Oaxaca,2023,12,December,17.532258064516128,25.519354838709678,10.829032258064515,14.69032258064516,1.7000000000000002,0,0,0,30,13.667741935483871,2.967741935483871,31,0.0,0.0,96.7741935483871
Oaxaca,2024,1,January,19.312903225806455,27.90967741935484,11.748387096774193,16.161290322580644,0.0,0,0,1,26,15.770967741935483,2.838709677419355,31,0.0,3.225806451612903,83.87096774193549
Oaxaca,2024,2,February,19.76206896551724,29.779310344827586,11.327586206896552,18.451724137931034,8.0,1,0,3,15,18.86551724137931,2.4827586206896552,29,3.4482758620689653,10.344827586206897,51.724137931034484
Oaxaca,2024,3,March,23.03548387096774,32.18064516129032,15.087096774193547,17.093548387096774,1.9000000000000001,1,0,19,2,22.458064516129035,2.0,31,3.225806451612903,61.29032258064516,6.451612903225806
Oaxaca,2024,4,April,23.65,32.56333333333333,16.15,16.413333333333334,21.3,2,0,21,0,21.68,1.8333333333333333,30,6.666666666666667,70.0,0.0
Oaxaca,2024,5,May,25.648387096774194,34.803225806451614,18.393548387096775,16.40967741935484,7.5,2,0,31,0,21.903225806451612,1.967741935483871,31,6.451612903225806,100.0,0.0
Oaxaca,2024,6,June,21.776666666666664,28.313333333333333,17.07,11.243333333333334,197.5,16,2,7,19,16.983333333333334,2.2,30,53.333333333333336,23.333333333333332,63.33333333333333
Oaxaca,2024,7,July,19.280645161290323,24.683870967741935,14.706451612903225,9.97741935483871,197.9,21,0,0,29,10.40967741935484,2.4838709677419355,31,67.74193548387096,0.0,93.54838709677419
Oaxaca,2024,8,August,19.13225806451613,25.37741935483871,14.338709677419354,11.038709677419355,201.7,23,2,0,31,10.638709677419355,2.6129032258064515,31,74.19354838709677,0.0,100.0
Oaxaca,2024,9,September,19.196666666666665,24.41,15.35,9.06,222.0,26,2,0,27,11.366666666666667,2.3333333333333335,30,86.66666666666667,0.0,90.0
Oaxaca,2024,10,October,18.0,23.570967741935487,13.429032258064517,10.141935483870967,169.5,16,2,0,27,10.858064516129032,2.5483870967741935,31,51.61290322580645,0.0,87.09677419354838
Oaxaca,2024,11,November,18.2,25.759999999999998,11.32,14.44,12.600000000000001,4,0,0,30,10.046666666666665,2.966666666666667,30,13.333333333333334,0.0,100.0
Oaxaca,2024,12,December,17.11935483870968,24.770967741935483,10.69032258064516,14.080645161290322,6.800000000000001,1,0,0,29,10.964516129032257,2.903225806451613,31,3.225806451612903,0.0,93.54838709677419
Oaxaca,2025,1,January,17.883870967741935,25.703225806451613,11.209677419354838,14.493548387096775,0.3,0,0,0,31,13.09032258064516,3.0,31,0.0,0.0,100.0
Oaxaca,2025,2,February,19.775000000000002,27.74285714285714,12.964285714285714,14.778571428571428,4.7,1,0,0,27,13.25357142857143,2.9642857142857144,28,3.571428571428571,0.0,96.42857142857143
Oaxaca,2025,3,March,22.093548387096774,30.583870967741937,14.651612903225805,15.932258064516128,2.6999999999999997,1,0,5,11,17.419354838709676,2.3548387096774195,31,3.225806451612903,16.129032258064516,35.483870967741936
Oaxaca,2025,4,April,21.32,29.88,13.773333333333333,16.106666666666666,8.8,3,0,4,14,18.003333333333334,2.433333333333333,30,10.0,13.333333333333334,46.666666666666664
Oaxaca,2025,5,May,22.238709677419354,30.041935483870965,15.941935483870967,14.100000000000001,106.2,14,0,8,12,15.64516129032258,2.096774193548387,31,45.16129032258064,25.806451612903224,38.70967741935484
Oaxaca,2025,6,June,18.946666666666665,23.720000000000002,15.3,8.42,343.2,27,4,0,25,11.370000000000001,2.1666666666666665,30,90.0,0.0,83.33333333333334
Oaxaca,2025,7,July,19.30322580645161,25.458064516129035,13.670967741935485,11.787096774193548,55.1,15,0,0,30,9.87741935483871,2.870967741935484,31,48.38709677419355,0.0,96.7741935483871
Oaxaca,2025,8,August,18.780645161290323,25.296774193548387,13.596774193548388,11.7,148.4,22,1,0,31,11.064516129032258,2.6129032258064515,31,70.96774193548387,0.0,100.0
Oaxaca,2025,9,September,18.93,24.666666666666668,14.506666666666666,10.16,178.6,22,1,0,30,10.996666666666666,2.6333333333333333,30,73.33333333333333,0.0,100.0
Oaxaca,2025,10,October,18.56451612903226,24.751612903225805,13.438709677419356,11.312903225806451,131.3,16,1,0,31,11.51290322580645,2.7096774193548385,31,51.61290322580645,0.0,100.0
Oaxaca,2025,11,November,18.883333333333333,26.243333333333332,12.463333333333333,13.78,5.8999999999999995,2,0,0,29,11.993333333333334,2.966666666666667,30,6.666666666666667,0.0,96.66666666666667
Oaxaca,2025,12,December,18.016129032258064,25.061290322580643,11.725806451612904,13.33548387096774,8.1,1,0,0,28,11.448387096774193,2.870967741935484,31,3.225806451612903,0.0,90.32258064516128
Puerto Vallarta,2023,1,January,21.538709677419355,25.980645161290322,17.58709677419355,8.393548387096773,0.6000000000000001,0,0,0,31,14.548387096774194,3.0,31,0.0,0.0,100.0
Puerto Vallarta,2023,2,February,21.303571428571427,26.196428571428573,16.867857142857144,9.328571428571427,0.0,0,0,0,28,15.553571428571429,3.0,28,0.0,0.0,100.0
Puerto Vallarta,2023,3,March,21.58709677419355,26.493548387096773,17.041935483870965,9.451612903225806,0.0,0,0,0,31,16.677419354838708,3.0,31,0.0,0.0,100.0
Puerto Vallarta,2023,4,April,22.683333333333334,27.44333333333333,17.873333333333335,9.57,0.2,0,0,0,30,16.983333333333334,3.0,30,0.0,0.0,100.0
Puerto Vallarta,2023,5,May,25.509677419354837,30.309677419354838,20.86774193548387,9.441935483870967,0.1,0,0,2,9,16.90967741935484,2.2903225806451615,31,0.0,6.451612903225806,29.03225806451613
Puerto Vallarta,2023,6,June,27.083333333333332,30.69333333333333,23.39,7.303333333333333,60.900000000000006,3,1,4,11,17.613333333333333,2.2666666666666666,30,10.0,13.333333333333334,36.666666666666664
Puerto Vallarta,2023,7,July,27.925806451612903,31.52258064516129,25.074193548387097,6.448387096774193,266.7,19,2,12,2,12.461290322580645,1.6451612903225807,31,61.29032258064516,38.70967741935484,6.451612903225806
Puerto Vallarta,2023,8,August,27.80322580645161,31.31935483870968,25.225806451612904,6.093548387096774,181.1,26,0,8,2,11.77741935483871,1.6129032258064515,31,83.87096774193549,25.806451612903224,6.451612903225806
Puerto Vallarta,2023,9,September,28.003333333333334,31.42,25.34333333333333,6.076666666666667,139.7,22,0,7,2,12.823333333333332,1.7666666666666666,30,73.33333333333333,23.333333333333332,6.666666666666667
Puerto Vallarta,2023,10,October,26.87741935483871,30.177419354838708,24.07741935483871,6.1,234.6,14,3,1,13,12.651612903225805,2.129032258064516,31,45.16129032258064,3.225806451612903,41.935483870967744
Puerto Vallarta,2023,11,November,25.956666666666667,29.886666666666667,22.67,7.216666666666667,14.1,3,0,0,12,12.673333333333334,2.3666666666666667,30,10.0,0.0,40.0
Puerto Vallarta,2023,12,December,23.706451612903226,28.516129032258064,19.861290322580647,8.654838709677419,8.9,2,0,0,23,12.174193548387096,2.7419354838709675,31,6.451612903225806,0.0,74.19354838709677
Puerto Vallarta,2024,1,January,22.019354838709678,26.55806451612903,18.200000000000003,8.358064516129033,2.5,1,0,0,31,12.861290322580645,3.0,31,3.225806451612903,0.0,100.0
Puerto Vallarta,2024,2,February,21.82758620689655,26.74137931034483,17.74137931034483,9.0,40.7,5,0,0,28,13.76896551724138,2.8620689655172415,29,17.24137931034483,0.0,96.55172413793103
Puerto Vallarta,2024,3,March,21.729032258064517,27.364516129032257,16.5258064516129,10.838709677419354,0.0,0,0,0,30,15.625806451612904,2.967741935483871,31,0.0,0.0,96.7741935483871
Puerto Vallarta,2024,4,April,22.153333333333332,27.39333333333333,17.240000000000002,10.153333333333334,0.0,0,0,0,29,16.836666666666666,2.966666666666667,30,0.0,0.0,96.66666666666667
Puerto Vallarta,2024,5,May,24.55483870967742,29.532258064516128,19.9,9.63225806451613,0.0,0,0,0,20,17.312903225806455,2.6451612903225805,31,0.0,0.0,64.51612903225806
Puerto Vallarta,2024,6,June,26.46333333333333,29.633333333333333,23.67,5.963333333333334,89.9,10,2,3,18,15.556666666666667,2.433333333333333,30,33.33333333333333,10.0,60.0
Puerto Vallarta,2024,7,July,27.23548387096774,30.603225806451615,24.5,6.103225806451612,168.7,21,3,3,9,12.670967741935485,1.935483870967742,31,67.74193548387096,9.67741935483871,29.03225806451613
Puerto Vallarta,2024,8,August,27.383870967741935,30.9741935483871,24.716129032258067,6.258064516129032,193.8,26,1,4,6,10.567741935483872,1.7096774193548387,31,83.87096774193549,12.903225806451612,19.35483870967742
Puerto Vallarta,2024,9,September,27.459999999999997,30.85666666666667,24.77,6.086666666666668,145.3,22,1,3,6,11.993333333333334,1.8666666666666667,30,73.33333333333333,10.0,20.0
Puerto Vallarta,2024,10,October,27.241935483870968,30.9741935483871,23.951612903225808,7.02258064516129,74.1,10,1,4,5,13.13225806451613,2.032258064516129,31,32.25806451612903,12.903225806451612,16.129032258064516
Puerto Vallarta,2024,11,November,25.126666666666665,29.209999999999997,21.403333333333332,7.806666666666667,11.7,2,0,1,18,14.2,2.566666666666667,30,6.666666666666667,3.3333333333333335,60.0
Puerto Vallarta,2024,12,December,22.448387096774194,27.451612903225808,18.048387096774192,9.403225806451612,0.0,0,0,0,31,14.203225806451613,3.0,31,0.0,0.0,100.0
Puerto Vallarta,2025,1,January,20.780645161290323,25.693548387096776,16.661290322580644,9.03225806451613,23.900000000000002,3,0,0,30,14.667741935483871,2.903225806451613,31,9.67741935483871,0.0,96.7741935483871
Puerto Vallarta,2025,2,February,21.642857142857142,27.614285714285717,16.27857142857143,11.335714285714285,0.0,0,0,0,27,17.067857142857143,2.9642857142857144,28,0.0,0.0,96.42857142857143
Puerto Vallarta,2025,3,March,21.0,27.04516129032258,15.01290322580645,12.03225806451613,0.0,0,0,0,31,18.009677419354837,3.0,31,0.0,0.0,100.0
Puerto Vallarta,2025,4,April,22.603333333333335,27.706666666666667,17.43,10.276666666666667,0.0,0,0,0,29,19.5,2.966666666666667,30,0.0,0.0,96.66666666666667
Puerto Vallarta,2025,5,May,25.851612903225806,31.280645161290323,20.538709677419355,10.741935483870968,10.9,3,0,9,5,18.858064516129033,2.129032258064516,31,9.67741935483871,29.03225806451613,16.129032258064516
Puerto Vallarta,2025,6,June,27.63,31.276666666666664,24.84,6.4366666666666665,231.20000000000002,18,3,12,7,16.433333333333334,1.8333333333333333,30,60.0,40.0,23.333333333333332
Puerto Vallarta,2025,7,July,27.519354838709678,31.212903225806453,24.25483870967742,6.958064516129032,165.1,22,2,11,4,13.358064516129033,1.8064516129032258,31,70.96774193548387,35.483870967741936,12.903225806451612
Puerto Vallarta,2025,8,August,27.532258064516128,31.41290322580645,24.470967741935485,6.941935483870967,172.8,25,0,9,2,12.77741935483871,1.6451612903225807,31,80.64516129032258,29.03225806451613,6.451612903225806
Puerto Vallarta,2025,9,September,27.290000000000003,31.043333333333333,24.48,6.563333333333333,139.9,23,0,3,4,13.356666666666666,1.7333333333333334,30,76.66666666666667,10.0,13.333333333333334
Puerto Vallarta,2025,10,October,27.838709677419356,31.729032258064517,24.570967741935487,7.158064516129032,71.8,18,0,14,3,14.341935483870968,1.967741935483871,31,58.06451612903226,45.16129032258064,9.67741935483871
Puerto Vallarta,2025,11,November,26.186666666666667,31.553333333333335,21.44,10.113333333333333,0.9,0,0,7,3,14.889999999999999,2.1,30,0.0,23.333333333333332,10.0
Puerto Vallarta,2025,12,December,23.893548387096775,28.603225806451615,20.029032258064515,8.574193548387097,23.800000000000004,3,1,0,29,14.458064516129031,2.903225806451613,31,9.67741935483871,0.0,93.54838709677419
Tulum,2023,1,January,24.774193548387096,27.34193548387097,22.75483870967742,4.587096774193548,56.7,14,0,0,31,18.541935483870965,2.935483870967742,31,45.16129032258064,0.0,100.0
Tulum,2023,2,February,25.071428571428573,27.892857142857142,23.00357142857143,4.889285714285714,46.4,13,0,0,28,19.710714285714285,2.9285714285714284,28,46.42857142857143,0.0,100.0
Tulum,2023,3,March,25.83225806451613,28.593548387096774,23.716129032258067,4.877419354838709,78.0,10,1,0,31,20.193548387096776,2.838709677419355,31,32.25806451612903,0.0,100.0
Tulum,2023,4,April,26.62,29.8,24.216666666666665,5.583333333333333,29.8,3,0,1,18,18.293333333333333,2.533333333333333,30,10.0,3.3333333333333335,60.0
Tulum,2023,5,May,27.516129032258064,31.19677419354839,24.299999999999997,6.896774193548388,98.80000000000001,14,1,5,2,16.348387096774193,1.903225806451613,31,45.16129032258064,16.129032258064516,6.451612903225806
Tulum,2023,6,June,28.486666666666668,31.82,25.86,5.96,113.2,18,0,11,0,17.523333333333333,1.7666666666666666,30,60.0,36.666666666666664,0.0
Tulum,2023,7,July,28.851612903225806,32.26129032258065,26.225806451612904,6.035483870967742,116.2,19,0,22,1,16.46451612903226,1.8064516129032258,31,61.29032258064516,70.96774193548387,3.225806451612903
Tulum,2023,8,August,28.529032258064515,32.193548387096776,25.75483870967742,6.438709677419355,197.8,22,4,22,4,15.096774193548388,1.8064516129032258,31,70.96774193548387,70.96774193548387,12.903225806451612
Tulum,2023,9,September,27.94,32.09,24.91,7.1800000000000015,134.9,20,1,22,2,12.59,1.7333333333333334,30,66.66666666666666,73.33333333333333,6.666666666666667
Tulum,2023,10,October,27.216129032258067,31.074193548387097,24.306451612903224,6.767741935483872,70.0,18,0,9,5,14.832258064516129,2.032258064516129,31,58.06451612903226,29.03225806451613,16.129032258064516
Tulum,2023,11,November,25.623333333333335,29.203333333333333,22.883333333333333,6.320000000000001,118.0,18,1,0,28,16.0,2.7666666666666666,30,60.0,0.0,93.33333333333333
Tulum,2023,12,December,23.932258064516127,27.287096774193547,21.229032258064517,6.058064516129033,89.39999999999999,15,0,0,31,16.325806451612905,2.774193548387097,31,48.38709677419355,0.0,100.0
Tulum,2024,1,January,24.793548387096774,27.929032258064513,22.293548387096774,5.635483870967742,65.5,18,0,0,31,17.89032258064516,2.935483870967742,31,58.06451612903226,0.0,100.0
Tulum,2024,2,February,23.641379310344828,27.558620689655175,20.317241379310346,7.241379310344827,22.7,6,0,0,28,18.162068965517243,2.896551724137931,29,20.689655172413794,0.0,96.55172413793103
Tulum,2024,3,March,26.596774193548388,29.712903225806453,24.26451612903226,5.448387096774193,31.8,13,0,2,23,19.01290322580645,2.7419354838709675,31,41.935483870967744,6.451612903225806,74.19354838709677
Tulum,2024,4,April,26.959999999999997,30.25,24.34,5.91,55.3,7,1,1,14,19.546666666666667,2.3333333333333335,30,23.333333333333332,3.3333333333333335,46.666666666666664
Tulum,2024,5,May,29.041935483870965,31.80322580645161,27.17096774193548,4.632258064516129,13.4,2,0,11,0,20.177419354838708,2.0,31,6.451612903225806,35.483870967741936,0.0
Tulum,2024,6,June,27.716666666666665,30.523333333333333,25.470000000000002,5.053333333333333,517.8,23,13,9,11,18.986666666666668,1.7666666666666666,30,76.66666666666667,30.0,36.666666666666664
Tulum,2024,7,July,28.174193548387095,31.05483870967742,25.91290322580645,5.141935483870968,158.5,20,1,4,7,16.5,1.8709677419354838,31,64.51612903225806,12.903225806451612,22.58064516129032
Tulum,2024,8,August,27.864516129032257,31.72258064516129,24.996774193548386,6.725806451612903,164.9,23,0,18,3,13.01290322580645,1.6774193548387097,31,74.19354838709677,58.06451612903226,9.67741935483871
Tulum,2024,9,September,27.91,31.290000000000003,25.523333333333333,5.766666666666667,215.7,26,2,11,6,15.023333333333333,1.7666666666666666,30,86.66666666666667,36.666666666666664,20.0
Tulum,2024,10,October,26.061290322580643,29.66774193548387,23.58709677419355,6.080645161290323,276.0,22,3,2,16,15.938709677419356,2.064516129032258,31,70.96774193548387,6.451612903225806,51.61290322580645
Tulum,2024,11,November,25.333333333333332,29.436666666666667,22.220000000000002,7.216666666666667,120.89999999999999,15,1,0,17,14.743333333333334,2.4,30,50.0,0.0,56.666666666666664
Tulum,2024,12,December,23.67096774193548,27.42258064516129,20.85483870967742,6.567741935483871,101.7,13,2,0,31,15.887096774193548,2.806451612903226,31,41.935483870967744,0.0,100.0
Tulum,2025,1,January,23.758064516129032,27.112903225806452,21.03548387096774,6.077419354838709,48.1,13,0,0,30,17.03548387096774,2.903225806451613,31,41.935483870967744,0.0,96.7741935483871
Tulum,2025,2,February,25.289285714285715,28.789285714285715,22.710714285714285,6.078571428571428,76.6,12,2,0,27,17.014285714285712,2.857142857142857,28,42.857142857142854,0.0,96.42857142857143
Tulum,2025,3,March,26.190322580645162,29.97741935483871,23.138709677419353,6.838709677419355,26.4,9,0,0,14,19.183870967741935,2.3870967741935485,31,29.03225806451613,0.0,45.16129032258064
Tulum,2025,4,April,26.39,30.386666666666667,23.03666666666667,7.35,31.2,11,0,0,7,20.613333333333333,2.2333333333333334,30,36.666666666666664,0.0,23.333333333333332
Tulum,2025,5,May,28.29032258064516,31.370967741935484,25.929032258064513,5.441935483870967,58.2,12,1,10,1,18.480645161290322,1.967741935483871,31,38.70967741935484,32.25806451612903,3.225806451612903
Tulum,2025,6,June,27.946666666666665,31.10666666666667,25.596666666666668,5.510000000000001,219.0,23,3,6,3,19.490000000000002,1.7333333333333334,30,76.66666666666667,20.0,10.0
Tulum,2025,7,July,28.11935483870968,31.932258064516127,25.193548387096776,6.738709677419356,83.3,19,0,16,1,15.012903225806452,1.8709677419354838,31,61.29032258064516,51.61290322580645,3.225806451612903
Tulum,2025,8,August,28.16774193548387,32.33870967741935,25.135483870967743,7.203225806451612,131.4,19,1,24,1,14.03225806451613,1.8709677419354838,31,61.29032258064516,77.41935483870968,3.225806451612903
Tulum,2025,9,September,27.39333333333333,31.57,24.396666666666665,7.173333333333333,147.4,20,0,18,6,12.21,1.8333333333333333,30,66.66666666666666,60.0,20.0
Tulum,2025,10,October,26.093548387096774,31.03548387096774,22.783870967741933,8.251612903225807,130.1,18,1,11,8,13.23225806451613,1.967741935483871,31,58.06451612903226,35.483870967741936,25.806451612903224
Tulum,2025,11,November,24.64333333333333,29.07,21.203333333333333,7.866666666666666,80.7,11,0,0,24,13.616666666666667,2.6666666666666665,30,36.666666666666664,0.0,80.0
Tulum,2025,12,December,24.306451612903224,28.364516129032257,21.45483870967742,6.909677419354838,99.7,14,1,0,30,14.05483870967742,2.7419354838709675,31,45.16129032258064,0.0,96.7741935483871
