city,month,month_name,average_temperature,average_high_temperature,average_low_temperature,average_daily_precipitation,average_max_wind_speed,rainy_days,comfortable_days,excellent_weather_days,average_tourism_score,total_observed_days,rainy_day_percentage,comfortable_day_percentage,excellent_weather_percentage
Cabo San Lucas,1,January,20.21720430107527,25.182795698924732,15.411827956989248,0.008602150537634409,17.540860215053762,0,88,87,2.924731182795699,93,0.0,94.6236559139785,93.54838709677419
Cabo San Lucas,2,February,20.834117647058825,26.043529411764705,15.910588235294119,0.027058823529411764,17.556470588235292,1,81,79,2.929411764705882,85,1.1764705882352942,95.29411764705881,92.94117647058823
Cabo San Lucas,3,March,21.976344086021506,27.24838709677419,16.99247311827957,0.004301075268817204,19.682795698924732,0,81,78,2.838709677419355,93,0.0,87.09677419354838,83.87096774193549
Cabo San Lucas,4,April,23.684444444444445,28.892222222222223,18.59,0.0022222222222222222,22.052222222222223,0,59,53,2.577777777777778,90,0.0,65.55555555555556,58.88888888888889
Cabo San Lucas,5,May,25.940860215053764,30.903225806451612,21.048387096774192,0.035483870967741936,22.612903225806452,1,37,28,2.2795698924731185,93,1.0752688172043012,39.784946236559136,30.107526881720432
Cabo San Lucas,6,June,26.954444444444444,31.238888888888887,22.932222222222222,0.11333333333333334,23.092222222222226,3,26,24,2.1555555555555554,90,3.3333333333333335,28.888888888888886,26.666666666666668
Cabo San Lucas,7,July,29.532258064516128,33.45913978494623,26.010752688172044,0.7032258064516129,21.559139784946236,10,3,2,1.978494623655914,93,10.75268817204301,3.225806451612903,2.1505376344086025
Cabo San Lucas,8,August,29.629032258064516,33.22903225806452,26.53978494623656,2.296774193548387,20.04731182795699,23,10,5,1.967741935483871,93,24.731182795698924,10.75268817204301,5.376344086021505
Cabo San Lucas,9,September,28.89888888888889,32.596666666666664,25.724444444444444,2.2666666666666666,19.974444444444444,21,13,5,2.0,90,23.333333333333332,14.444444444444443,5.555555555555555
Cabo San Lucas,10,October,27.222580645161287,31.418279569892473,23.731182795698924,2.4612903225806453,19.897849462365592,15,25,19,2.118279569892473,93,16.129032258064516,26.881720430107524,20.43010752688172
Cabo San Lucas,11,November,24.643333333333334,29.66333333333333,20.363333333333333,0.12555555555555556,15.69888888888889,2,54,51,2.566666666666667,90,2.2222222222222223,60.0,56.666666666666664
Cabo San Lucas,12,December,22.725806451612904,27.811827956989248,18.39677419354839,0.567741935483871,13.156989247311827,5,82,81,2.860215053763441,93,5.376344086021505,88.17204301075269,87.09677419354838
Cancun,1,January,24.3247311827957,27.1,22.204301075268816,2.456989247311828,19.159139784946237,45,92,81,2.849462365591398,93,48.38709677419355,98.9247311827957,87.09677419354838
Cancun,2,February,24.369411764705884,27.48,21.903529411764705,1.4588235294117646,18.73764705882353,26,84,75,2.8823529411764706,85,30.58823529411765,98.82352941176471,88.23529411764706
Cancun,3,March,25.929032258064517,29.077419354838707,23.538709677419355,1.203225806451613,21.083870967741934,30,78,71,2.752688172043011,93,32.25806451612903,83.87096774193549,76.34408602150538
Cancun,4,April,26.355555555555554,29.665555555555557,23.671111111111113,1.1644444444444444,20.238888888888887,19,56,52,2.511111111111111,90,21.11111111111111,62.22222222222222,57.77777777777777
Cancun,5,May,28.13225806451613,31.54516129032258,25.395698924731185,1.6612903225806452,18.886021505376345,24,5,3,1.935483870967742,93,25.806451612903224,5.376344086021505,3.225806451612903
Cancun,6,June,27.883333333333333,31.031111111111112,25.372222222222224,8.206666666666667,18.784444444444443,62,15,0,1.8222222222222222,90,68.88888888888889,16.666666666666664,0.0
Cancun,7,July,28.450537634408605,31.67311827956989,25.76989247311828,4.76989247311828,15.781720430107528,60,2,0,1.7634408602150538,93,64.51612903225806,2.1505376344086025,0.0
Cancun,8,August,28.37956989247312,32.08387096774194,25.408602150537636,4.994623655913978,13.924731182795698,74,6,1,1.7741935483870968,93,79.56989247311827,6.451612903225806,1.0752688172043012
Cancun,9,September,27.745555555555555,31.59,24.90222222222222,7.021111111111111,13.234444444444444,68,10,1,1.7333333333333334,90,75.55555555555556,11.11111111111111,1.1111111111111112
Cancun,10,October,26.759139784946235,30.0752688172043,24.204301075268816,5.339784946236559,15.983870967741936,59,46,32,2.21505376344086,93,63.44086021505376,49.46236559139785,34.40860215053764
Cancun,11,November,25.416666666666668,28.607777777777777,22.793333333333333,4.078888888888889,15.683333333333334,52,82,66,2.688888888888889,90,57.77777777777777,91.11111111111111,73.33333333333333
Cancun,12,December,24.38817204301075,27.338709677419356,22.13010752688172,2.736559139784946,16.456989247311828,36,92,78,2.838709677419355,93,38.70967741935484,98.9247311827957,83.87096774193549
Mexico City,1,January,14.953763440860216,23.19032258064516,7.845161290322581,0.11612903225806452,16.450537634408605,2,67,67,2.7096774193548385,93,2.1505376344086025,72.04301075268818,72.04301075268818
Mexico City,2,February,16.48,25.0,8.772941176470589,0.3247058823529412,17.47529411764706,5,74,74,2.847058823529412,85,5.88235294117647,87.05882352941177,87.05882352941177
Mexico City,3,March,19.186021505376342,27.988172043010753,11.102150537634408,0.3279569892473118,20.786021505376343,7,84,77,2.817204301075269,93,7.526881720430108,90.32258064516128,82.79569892473118
Mexico City,4,April,20.137777777777778,28.42888888888889,12.527777777777779,0.35444444444444445,21.09888888888889,8,73,68,2.7444444444444445,90,8.88888888888889,81.11111111111111,75.55555555555556
Mexico City,5,May,20.8247311827957,28.531182795698925,14.090322580645163,2.6655913978494623,18.761290322580646,37,53,40,2.3655913978494625,93,39.784946236559136,56.98924731182796,43.01075268817204
Mexico City,6,June,19.834444444444443,26.80111111111111,14.004444444444445,6.124444444444445,17.93,50,40,25,2.022222222222222,90,55.55555555555556,44.44444444444444,27.77777777777778
Mexico City,7,July,17.278494623655916,23.210752688172043,12.920430107526881,8.45483870967742,13.879569892473118,77,70,31,2.118279569892473,93,82.79569892473118,75.26881720430107,33.33333333333333
Mexico City,8,August,17.086021505376344,23.137634408602153,12.763440860215054,8.026881720430108,13.682795698924732,84,79,35,2.2688172043010755,93,90.32258064516128,84.94623655913979,37.634408602150536
Mexico City,9,September,17.211111111111112,23.50888888888889,12.692222222222222,7.573333333333333,14.317777777777776,71,77,37,2.311111111111111,90,78.88888888888889,85.55555555555556,41.11111111111111
Mexico City,10,October,16.361290322580643,22.955913978494625,11.381720430107526,3.158064516129032,16.648387096774194,30,59,54,2.4516129032258065,93,32.25806451612903,63.44086021505376,58.06451612903226
Mexico City,11,November,16.456666666666667,24.205555555555556,9.608888888888888,0.43444444444444447,15.260000000000002,8,76,75,2.8222222222222224,90,8.88888888888889,84.44444444444444,83.33333333333334
Mexico City,12,December,14.372043010752687,21.233333333333334,8.483870967741936,0.44086021505376344,13.19247311827957,12,35,35,2.3548387096774195,93,12.903225806451612,37.634408602150536,37.634408602150536
Oaxaca,1,January,18.363440860215054,26.72043010752688,11.064516129032258,0.0064516129032258064,14.56236559139785,0,87,87,2.935483870967742,93,0.0,93.54838709677419,93.54838709677419
Oaxaca,2,February,19.391764705882352,28.38470588235294,11.672941176470589,0.15058823529411763,16.040000000000003,2,66,65,2.764705882352941,85,2.3529411764705883,77.64705882352942,76.47058823529412
Oaxaca,3,March,22.03655913978495,30.925806451612903,14.256989247311829,0.06666666666666667,20.410752688172042,3,31,31,2.3010752688172045,93,3.225806451612903,33.33333333333333,33.33333333333333
Oaxaca,4,April,22.40111111111111,31.202222222222222,15.042222222222222,0.5777777777777777,19.61,12,21,20,2.1555555555555554,90,13.333333333333334,23.333333333333332,22.22222222222222
Oaxaca,5,May,23.363440860215057,31.891397849462365,16.59032258064516,1.796774193548387,18.493548387096777,23,23,14,2.096774193548387,93,24.731182795698924,24.731182795698924,15.053763440860216
Oaxaca,6,June,21.06888888888889,27.523333333333333,15.972222222222221,6.553333333333333,15.041111111111112,53,55,26,2.2111111111111112,90,58.88888888888889,61.111111111111114,28.888888888888886
Oaxaca,7,July,19.426881720430107,25.423655913978497,14.334408602150537,4.716129032258065,10.648387096774194,56,90,64,2.6666666666666665,93,60.215053763440864,96.7741935483871,68.81720430107528
Oaxaca,8,August,19.239784946236558,25.718279569892474,14.194623655913977,5.338709677419355,10.981720430107526,63,93,59,2.6344086021505375,93,67.74193548387096,100.0,63.44086021505376
Oaxaca,9,September,19.295555555555556,25.218888888888888,14.61111111111111,5.1066666666666665,11.078888888888889,58,86,58,2.611111111111111,90,64.44444444444444,95.55555555555556,64.44444444444444
Oaxaca,10,October,18.879569892473118,25.218279569892474,13.84731182795699,4.049462365591398,11.756989247311829,44,89,67,2.6774193548387095,93,47.31182795698925,95.6989247311828,72.04301075268818
Oaxaca,11,November,19.014444444444443,26.55,12.555555555555555,0.3622222222222222,11.972222222222221,11,87,86,2.9555555555555557,90,12.222222222222221,96.66666666666667,95.55555555555556
Oaxaca,12,December,17.555913978494623,25.11720430107527,11.081720430107525,0.17849462365591395,12.026881720430108,2,87,86,2.913978494623656,93,2.1505376344086025,93.54838709677419,92.47311827956989
Puerto Vallarta,1,January,21.446236559139784,26.077419354838707,17.482795698924733,0.2903225806451613,14.025806451612905,4,92,90,2.967741935483871,93,4.301075268817205,98.9247311827957,96.7741935483871
Puerto Vallarta,2,February,21.594117647058823,26.84941176470588,16.97176470588235,0.47882352941176476,15.443529411764706,5,83,81,2.9411764705882355,85,5.88235294117647,97.6470588235294,95.29411764705881
Puerto Vallarta,3,March,21.438709677419354,26.967741935483872,16.193548387096776,0.0,16.770967741935486,0,92,92,2.989247311827957,93,0.0,98.9247311827957,98.9247311827957
Puerto Vallarta,4,April,22.48,27.514444444444447,17.514444444444443,0.0022222222222222222,17.773333333333333,0,88,88,2.977777777777778,90,0.0,97.77777777777777,97.77777777777777
Puerto Vallarta,5,May,25.30537634408602,30.374193548387098,20.43548387096774,0.11827956989247312,17.693548387096776,3,34,34,2.3548387096774195,93,3.225806451612903,36.55913978494624,36.55913978494624
Puerto Vallarta,6,June,27.05888888888889,30.534444444444443,23.966666666666665,4.2444444444444445,16.534444444444443,31,36,27,2.1777777777777776,90,34.44444444444444,40.0,30.0
Puerto Vallarta,7,July,27.56021505376344,31.112903225806452,24.60967741935484,6.456989247311828,12.83010752688172,62,15,8,1.7956989247311828,93,66.66666666666666,16.129032258064516,8.60215053763441
Puerto Vallarta,8,August,27.573118279569893,31.235483870967744,24.804301075268818,5.889247311827957,11.70752688172043,77,10,6,1.6559139784946237,93,82.79569892473118,10.75268817204301,6.451612903225806
Puerto Vallarta,9,September,27.584444444444443,31.106666666666666,24.864444444444448,4.721111111111111,12.724444444444446,67,12,4,1.788888888888889,90,74.44444444444444,13.333333333333334,4.444444444444445
Puerto Vallarta,10,October,27.319354838709675,30.96021505376344,24.2,4.091397849462366,13.375268817204303,42,21,12,2.043010752688172,93,45.16129032258064,22.58064516129032,12.903225806451612
Puerto Vallarta,11,November,25.756666666666664,30.216666666666665,21.837777777777777,0.29666666666666663,13.921111111111113,5,33,31,2.3444444444444446,90,5.555555555555555,36.666666666666664,34.44444444444444
Puerto Vallarta,12,December,23.349462365591396,28.19032258064516,19.31290322580645,0.35161290322580646,13.611827956989249,5,83,82,2.881720430107527,93,5.376344086021505,89.24731182795699,88.17204301075269
Tulum,1,January,24.441935483870967,27.461290322580645,22.02795698924731,1.8311827956989248,17.822580645161292,45,92,86,2.924731182795699,93,48.38709677419355,98.9247311827957,92.47311827956989
Tulum,2,February,24.655294117647056,28.074117647058827,21.99058823529412,1.7141176470588233,18.294117647058822,31,83,77,2.8941176470588235,85,36.470588235294116,97.6470588235294,90.58823529411765
Tulum,3,March,26.206451612903223,29.427956989247313,23.706451612903223,1.464516129032258,19.46344086021505,32,68,63,2.6559139784946235,93,34.40860215053764,73.11827956989248,67.74193548387096
Tulum,4,April,26.656666666666666,30.145555555555553,23.864444444444448,1.2922222222222222,19.484444444444442,21,39,36,2.3666666666666667,90,23.333333333333332,43.333333333333336,40.0
Tulum,5,May,28.282795698924733,31.456989247311828,25.8,1.832258064516129,18.335483870967742,28,3,2,1.956989247311828,93,30.107526881720432,3.225806451612903,2.1505376344086025
Tulum,6,June,28.05,31.15,25.642222222222223,9.444444444444445,18.666666666666668,64,14,0,1.7555555555555555,90,71.11111111111111,15.555555555555555,0.0
Tulum,7,July,28.381720430107528,31.749462365591395,25.777419354838713,3.849462365591398,15.99247311827957,58,9,1,1.8494623655913978,93,62.365591397849464,9.67741935483871,1.0752688172043012
Tulum,8,August,28.18709677419355,32.08494623655914,25.295698924731184,5.312903225806452,14.04731182795699,64,8,1,1.7849462365591398,93,68.81720430107528,8.60215053763441,1.0752688172043012
Tulum,9,September,27.74777777777778,31.65,24.943333333333335,5.533333333333333,13.274444444444445,66,14,1,1.7777777777777777,90,73.33333333333333,15.555555555555555,1.1111111111111112
Tulum,10,October,26.456989247311828,30.592473118279568,23.559139784946236,5.119354838709677,14.66774193548387,58,29,13,2.021505376344086,93,62.365591397849464,31.182795698924732,13.978494623655912
Tulum,11,November,25.2,29.236666666666668,22.102222222222224,3.5511111111111116,14.786666666666665,44,69,57,2.611111111111111,90,48.888888888888886,76.66666666666667,63.33333333333333
Tulum,12,December,23.96989247311828,27.69139784946237,21.17956989247312,3.1268817204301076,15.42258064516129,42,92,72,2.774193548387097,93,45.16129032258064,98.9247311827957,77.41935483870968
